FileName,Digit
d00000.png,1
d00005.png,1
d00006.png,0
d00010.png,7
d00014.png,8
d00015.png,8
d00016.png,3
d00022.png,6
d00029.png,2
d00030.png,0
d00037.png,5
d00043.png,0
d00053.png,7
d00057.png,5
d00068.png,5
d00070.png,3
d00071.png,4
d00072.png,8
d00074.png,3
d00079.png,8
d00085.png,1
d00086.png,7
d00087.png,2
d00091.png,5
d00095.png,3
d00096.png,9
d00097.png,7
d00098.png,0
d00100.png,7
d00102.png,9
d00112.png,8
d00116.png,5
d00119.png,6
d00135.png,9
d00152.png,1
d00153.png,9
d00165.png,2
d00167.png,7
d00171.png,1
d00174.png,4
d00180.png,5
d00181.png,4
d00184.png,8
d00187.png,0
d00190.png,3
d00192.png,8
d00196.png,7
d00197.png,1
d00201.png,0
d00210.png,1
d00214.png,2
d00216.png,6
d00221.png,3
d00224.png,3
d00225.png,2
d00226.png,1
d00234.png,9
d00236.png,6
d00240.png,0
d00242.png,7
d00243.png,2
d00246.png,4
d00247.png,7
d00251.png,5
d00256.png,4
d00258.png,9
d00261.png,5
d00262.png,3
d00264.png,6
d00267.png,7
d00269.png,1
d00272.png,9
d00274.png,8
d00275.png,3
d00283.png,5
d00285.png,0
d00288.png,3
d00289.png,3
d00290.png,1
d00291.png,6
d00293.png,2
d00298.png,2
d00303.png,0
d00305.png,2
d00307.png,7
d00310.png,2
d00316.png,5
d00321.png,9
d00326.png,7
d00332.png,3
d00334.png,3
d00339.png,1
d00344.png,8
d00345.png,4
d00348.png,5
d00349.png,3
d00357.png,4
d00359.png,1
d00372.png,0
d00373.png,7
d00378.png,7
d00383.png,4
d00386.png,5
d00389.png,8
d00391.png,1
d00396.png,1
d00397.png,6
d00400.png,6
d00403.png,5
d00404.png,9
d00409.png,8
d00410.png,0
d00419.png,1
d00422.png,9
d00423.png,9
d00427.png,5
d00431.png,1
d00438.png,5
d00441.png,9
d00443.png,6
d00454.png,9
d00457.png,6
d00459.png,0
d00461.png,5
d00466.png,0
d00467.png,2
d00470.png,4
d00471.png,4
d00474.png,4
d00479.png,4
d00484.png,9
d00498.png,5
d00505.png,2
d00510.png,7
d00515.png,7
d00517.png,0
d00519.png,3
d00521.png,9
d00523.png,5
d00525.png,7
d00531.png,9
d00534.png,9
d00535.png,4
d00540.png,8
d00544.png,9
d00545.png,0
d00547.png,5
d00555.png,7
d00563.png,2
d00564.png,5
d00565.png,8
d00574.png,9
d00579.png,7
d00588.png,1
d00590.png,5
d00591.png,5
d00593.png,9
d00595.png,4
d00602.png,8
d00603.png,0
d00606.png,0
d00612.png,7
d00615.png,8
d00621.png,7
d00628.png,9
d00630.png,8
d00631.png,5
d00633.png,7
d00637.png,3
d00638.png,4
d00639.png,0
d00640.png,6
d00648.png,2
d00652.png,3
d00654.png,9
d00656.png,5
d00658.png,2
d00667.png,5
d00668.png,2
d00672.png,7
d00678.png,2
d00680.png,3
d00681.png,1
d00686.png,5
d00690.png,1
d00694.png,9
d00705.png,5
d00707.png,1
d00711.png,0
d00714.png,2
d00720.png,3
d00723.png,3
d00726.png,3
d00728.png,4
d00733.png,7
d00741.png,8
d00746.png,3
d00747.png,6
d00751.png,3
d00754.png,8
d00756.png,7
d00757.png,0
d00758.png,8
d00767.png,5
d00768.png,3
d00771.png,5
d00773.png,7
d00780.png,9
d00792.png,3
d00796.png,3
d00808.png,0
d00811.png,8
d00812.png,8
d00813.png,2
d00815.png,6
d00821.png,4
d00826.png,8
d00827.png,3
d00835.png,4
d00839.png,1
d00841.png,9
d00852.png,6
d00854.png,9
d00855.png,9
d00857.png,4
d00859.png,5
d00860.png,3
d00865.png,9
d00873.png,7
d00875.png,3
d00878.png,5
d00884.png,2
d00885.png,9
d00887.png,3
d00893.png,7
d00896.png,0
d00911.png,2
d00918.png,4
d00919.png,1
d00920.png,4
d00923.png,9
d00929.png,1
d00931.png,1
d00934.png,3
d00935.png,8
d00939.png,2
d00952.png,8
d00953.png,0
d00954.png,8
d00956.png,1
d00982.png,9
d00983.png,6
d00984.png,3
d00990.png,1
d00992.png,9
d00993.png,7
d00995.png,4
d00996.png,2
d01003.png,9
d01007.png,9
d01008.png,7
d01016.png,0
d01018.png,3
d01022.png,8
d01028.png,8
d01032.png,0
d01036.png,8
d01037.png,2
d01039.png,6
d01044.png,0
d01045.png,4
d01049.png,0
d01055.png,8
d01064.png,9
d01065.png,8
d01071.png,3
d01073.png,8
d01085.png,3
d01091.png,2
d01094.png,5
d01099.png,2
d01104.png,8
d01112.png,2
d01118.png,3
d01119.png,2
d01124.png,2
d01125.png,1
d01126.png,4
d01129.png,5
d01137.png,1
d01138.png,5
d01144.png,1
d01150.png,3
d01153.png,5
d01154.png,3
d01159.png,1
d01168.png,1
d01170.png,8
d01188.png,6
d01189.png,9
d01191.png,1
d01192.png,3
d01195.png,7
d01198.png,2
d01201.png,0
d01202.png,3
d01217.png,5
d01220.png,8
d01229.png,8
d01230.png,0
d01232.png,2
d01236.png,5
d01245.png,6
d01279.png,4
d01286.png,4
d01288.png,2
d01302.png,1
d01308.png,1
d01311.png,1
d01314.png,7
d01315.png,0
d01320.png,6
d01324.png,0
d01328.png,3
d01334.png,8
d01340.png,5
d01343.png,4
d01345.png,9
d01346.png,0
d01349.png,9
d01356.png,8
d01360.png,7
d01366.png,0
d01369.png,2
d01371.png,7
d01375.png,1
d01377.png,1
d01384.png,9
d01385.png,1
d01391.png,7
d01392.png,4
d01393.png,9
d01399.png,0
d01400.png,1
d01408.png,8
d01410.png,0
d01414.png,0
d01419.png,3
d01420.png,8
d01425.png,7
d01430.png,4
d01434.png,3
d01435.png,0
d01438.png,0
d01441.png,9
d01442.png,7
d01447.png,9
d01448.png,9
d01452.png,1
d01456.png,2
d01461.png,7
d01468.png,0
d01473.png,5
d01474.png,1
d01475.png,2
d01496.png,5
d01498.png,5
d01503.png,6
d01510.png,0
d01514.png,7
d01517.png,2
d01519.png,6
d01521.png,6
d01522.png,3
d01523.png,0
d01524.png,7
d01525.png,3
d01549.png,9
d01557.png,0
d01561.png,3
d01572.png,2
d01601.png,8
d01605.png,9
d01618.png,7
d01625.png,3
d01633.png,7
d01636.png,1
d01639.png,3
d01643.png,1
d01644.png,7
d01645.png,2
d01648.png,2
d01667.png,1
d01669.png,0
d01674.png,9
d01677.png,3
d01678.png,0
d01679.png,4
d01682.png,1
d01683.png,7
d01687.png,0
d01688.png,5
d01690.png,2
d01691.png,8
d01693.png,6
d01697.png,2
d01712.png,6
d01714.png,9
d01715.png,6
d01716.png,7
d01717.png,4
d01719.png,0
d01721.png,2
d01725.png,9
d01726.png,1
d01730.png,7
d01731.png,7
d01732.png,9
d01733.png,7
d01734.png,5
d01736.png,7
d01750.png,2
d01751.png,5
d01760.png,9
d01764.png,3
d01771.png,0
d01772.png,1
d01774.png,2
d01778.png,7
d01782.png,3
d01789.png,1
d01792.png,1
d01793.png,9
d01795.png,5
d01796.png,0
d01801.png,5
d01806.png,6
d01808.png,2
d01809.png,8
d01810.png,6
d01815.png,3
d01819.png,7
d01827.png,3
d01833.png,9
d01839.png,6
d01843.png,8
d01846.png,0
d01852.png,7
d01854.png,0
d01867.png,6
d01871.png,3
d01872.png,2
d01873.png,0
d01876.png,3
d01885.png,6
d01892.png,8
d01898.png,2
d01903.png,7
d01909.png,6
d01911.png,7
d01917.png,0
d01923.png,5
d01925.png,1
d01932.png,9
d01933.png,7
d01937.png,2
d01938.png,7
d01950.png,8
d01951.png,0
d01959.png,3
d01961.png,4
d01964.png,3
d01973.png,7
d01975.png,1
d01984.png,4
d01986.png,1
d01987.png,0
d01988.png,8
d01994.png,6
d02004.png,8
d02005.png,1
d02009.png,0
d02017.png,8
d02018.png,9
d02019.png,1
d02022.png,8
d02024.png,9
d02025.png,3
d02028.png,2
d02029.png,0
d02032.png,4
d02035.png,1
d02038.png,9
d02039.png,9
d02043.png,0
d02048.png,0
d02050.png,1
d02056.png,9
d02058.png,9
d02061.png,3
d02064.png,2
d02067.png,3
d02073.png,2
d02077.png,6
d02078.png,4
d02084.png,7
d02085.png,8
d02089.png,2
d02091.png,1
d02093.png,2
d02097.png,5
d02100.png,0
d02104.png,3
d02108.png,1
d02114.png,3
d02115.png,5
d02121.png,1
d02124.png,0
d02129.png,4
d02131.png,0
d02133.png,0
d02134.png,4
d02135.png,2
d02136.png,9
d02137.png,0
d02142.png,5
d02147.png,0
d02152.png,5
d02158.png,0
d02161.png,7
d02171.png,4
d02180.png,8
d02181.png,9
d02182.png,6
d02189.png,8
d02191.png,0
d02194.png,3
d02197.png,7
d02202.png,5
d02208.png,2
d02209.png,1
d02210.png,5
d02212.png,4
d02214.png,4
d02218.png,9
d02220.png,8
d02221.png,9
d02223.png,0
d02224.png,8
d02234.png,2
d02237.png,3
d02240.png,0
d02253.png,7
d02254.png,8
d02256.png,6
d02257.png,8
d02262.png,1
d02263.png,6
d02269.png,6
d02273.png,4
d02279.png,0
d02280.png,5
d02282.png,9
d02283.png,7
d02297.png,4
d02298.png,4
d02303.png,7
d02304.png,2
d02309.png,4
d02310.png,2
d02314.png,2
d02325.png,5
d02326.png,4
d02332.png,8
d02333.png,0
d02336.png,9
d02339.png,3
d02342.png,9
d02348.png,3
d02357.png,4
d02360.png,2
d02362.png,6
d02371.png,3
d02374.png,8
d02377.png,1
d02383.png,3
d02390.png,2
d02394.png,0
d02399.png,6
d02400.png,1
d02403.png,7
d02404.png,9
d02408.png,6
d02411.png,8
d02413.png,1
d02418.png,8
d02421.png,7
d02433.png,9
d02437.png,0
d02440.png,4
d02451.png,2
d02458.png,1
d02468.png,9
d02476.png,0
d02484.png,4
d02497.png,4
d02501.png,9
d02502.png,9
d02513.png,8
d02514.png,6
d02518.png,1
d02524.png,6
d02525.png,0
d02526.png,6
d02527.png,9
d02529.png,4
d02535.png,8
d02539.png,4
d02548.png,1
d02549.png,2
d02558.png,6
d02564.png,1
d02565.png,7
d02571.png,3
d02572.png,3
d02574.png,7
d02579.png,0
d02582.png,0
d02586.png,9
d02590.png,7
d02592.png,0
d02604.png,6
d02608.png,9
d02613.png,9
d02614.png,9
d02615.png,4
d02616.png,3
d02620.png,9
d02621.png,9
d02628.png,9
d02631.png,3
d02632.png,1
d02639.png,0
d02642.png,0
d02643.png,2
d02650.png,9
d02657.png,1
d02663.png,9
d02668.png,2
d02669.png,6
d02672.png,7
d02674.png,1
d02678.png,7
d02683.png,0
d02684.png,9
d02685.png,3
d02686.png,7
d02689.png,3
d02698.png,0
d02700.png,8
d02702.png,4
d02703.png,4
d02707.png,3
d02710.png,7
d02715.png,8
d02721.png,4
d02722.png,3
d02723.png,2
d02727.png,3
d02733.png,2
d02736.png,8
d02739.png,5
d02740.png,1
d02745.png,2
d02746.png,2
d02748.png,0
d02749.png,2
d02751.png,4
d02753.png,3
d02754.png,0
d02759.png,6
d02766.png,1
d02767.png,3
d02768.png,1
d02774.png,3
d02782.png,1
d02784.png,9
d02786.png,8
d02789.png,8
d02792.png,2
d02796.png,3
d02798.png,7
d02808.png,1
d02810.png,3
d02820.png,7
d02822.png,9
d02824.png,4
d02827.png,3
d02830.png,0
d02833.png,1
d02835.png,7
d02839.png,3
d02850.png,8
d02851.png,5
d02857.png,5
d02859.png,6
d02860.png,8
d02865.png,0
d02874.png,6
d02881.png,9
d02893.png,3
d02896.png,2
d02900.png,0
d02901.png,5
d02902.png,7
d02904.png,5
d02906.png,3
d02907.png,6
d02912.png,4
d02913.png,5
d02914.png,1
d02922.png,2
d02931.png,6
d02939.png,2
d02949.png,1
d02953.png,5
d02956.png,0
d02957.png,8
d02958.png,9
d02959.png,8
d02961.png,6
d02964.png,3
d02965.png,1
d02972.png,6
d02974.png,2
d02975.png,4
d02977.png,4
d02985.png,4
d03000.png,8
d03002.png,6
d03005.png,8
d03006.png,2
d03008.png,5
d03012.png,7
d03017.png,4
d03020.png,1
d03021.png,4
d03025.png,1
d03032.png,1
d03035.png,2
d03037.png,6
d03043.png,3
d03044.png,0
d03046.png,0
d03048.png,7
d03063.png,0
d03067.png,2
d03069.png,8
d03072.png,3
d03077.png,4
d03078.png,8
d03080.png,6
d03083.png,5
d03086.png,4
d03089.png,2
d03090.png,4
d03099.png,7
d03103.png,6
d03104.png,3
d03112.png,3
d03120.png,3
d03123.png,7
d03127.png,6
d03135.png,1
d03139.png,8
d03142.png,3
d03143.png,0
d03151.png,9
d03153.png,3
d03161.png,5
d03163.png,7
d03166.png,3
d03169.png,0
d03172.png,3
d03173.png,3
d03181.png,8
d03187.png,7
d03195.png,6
d03204.png,7
d03205.png,9
d03213.png,3
d03219.png,8
d03220.png,0
d03222.png,0
d03225.png,9
d03233.png,1
d03236.png,0
d03237.png,8
d03238.png,0
d03239.png,9
d03245.png,6
d03248.png,8
d03249.png,7
d03250.png,3
d03261.png,4
d03263.png,3
d03264.png,0
d03267.png,3
d03276.png,1
d03277.png,5
d03280.png,5
d03282.png,0
d03283.png,7
d03288.png,1
d03289.png,2
d03290.png,0
d03296.png,1
d03303.png,6
d03306.png,1
d03307.png,5
d03310.png,0
d03313.png,5
d03318.png,2
d03328.png,0
d03331.png,6
d03336.png,9
d03340.png,0
d03341.png,1
d03343.png,2
d03344.png,2
d03356.png,8
d03362.png,1
d03366.png,3
d03369.png,3
d03371.png,1
d03384.png,4
d03389.png,3
d03393.png,4
d03403.png,2
d03411.png,9
d03412.png,5
d03427.png,1
d03428.png,9
d03429.png,4
d03440.png,5
d03444.png,1
d03448.png,7
d03452.png,5
d03453.png,1
d03456.png,5
d03459.png,6
d03461.png,8
d03465.png,6
d03470.png,3
d03477.png,2
d03479.png,4
d03480.png,1
d03482.png,4
d03494.png,9
d03501.png,5
d03509.png,2
d03512.png,6
d03517.png,5
d03532.png,3
d03542.png,1
d03544.png,0
d03545.png,3
d03548.png,4
d03549.png,9
d03554.png,3
d03557.png,4
d03558.png,5
d03560.png,5
d03565.png,6
d03566.png,5
d03571.png,3
d03573.png,2
d03575.png,3
d03576.png,1
d03577.png,8
d03580.png,4
d03582.png,6
d03587.png,6
d03588.png,3
d03590.png,1
d03591.png,4
d03595.png,3
d03598.png,2
d03599.png,8
d03612.png,4
d03615.png,4
d03617.png,6
d03627.png,8
d03630.png,9
d03632.png,7
d03634.png,2
d03643.png,8
d03645.png,1
d03648.png,6
d03656.png,9
d03658.png,4
d03661.png,1
d03663.png,8
d03667.png,9
d03677.png,7
d03679.png,4
d03683.png,4
d03687.png,3
d03692.png,2
d03696.png,2
d03701.png,1
d03703.png,5
d03707.png,9
d03708.png,1
d03711.png,1
d03717.png,9
d03724.png,3
d03725.png,7
d03726.png,6
d03730.png,5
d03731.png,7
d03733.png,8
d03736.png,3
d03738.png,1
d03741.png,8
d03745.png,0
d03746.png,5
d03747.png,7
d03750.png,3
d03751.png,0
d03759.png,8
d03764.png,1
d03765.png,7
d03769.png,7
d03770.png,7
d03771.png,4
d03772.png,9
d03775.png,7
d03779.png,3
d03781.png,8
d03787.png,7
d03790.png,4
d03793.png,3
d03794.png,7
d03795.png,1
d03798.png,1
d03804.png,2
d03806.png,3
d03818.png,1
d03828.png,0
d03834.png,6
d03838.png,4
d03844.png,7
d03850.png,9
d03857.png,5
d03859.png,8
d03864.png,9
d03873.png,4
d03880.png,6
d03896.png,3
d03903.png,3
d03904.png,1
d03907.png,3
d03908.png,7
d03913.png,1
d03918.png,8
d03920.png,0
d03939.png,9
d03940.png,9
d03945.png,0
d03947.png,7
d03948.png,0
d03951.png,1
d03952.png,3
d03962.png,7
d03964.png,5
d03970.png,8
d03984.png,0
d03989.png,8
d03997.png,4
d04011.png,7
d04017.png,1
d04020.png,5
d04025.png,5
d04035.png,6
d04040.png,9
d04042.png,8
d04051.png,4
d04053.png,0
d04056.png,2
d04060.png,7
d04064.png,4
d04065.png,8
d04067.png,9
d04071.png,3
d04076.png,6
d04080.png,8
d04088.png,1
d04093.png,5
d04094.png,1
d04095.png,3
d04099.png,6
d04100.png,7
d04104.png,7
d04115.png,0
d04126.png,5
d04135.png,9
d04138.png,5
d04139.png,5
d04140.png,9
d04144.png,8
d04145.png,3
d04146.png,0
d04149.png,7
d04153.png,9
d04158.png,6
d04159.png,0
d04162.png,3
d04167.png,0
d04170.png,7
d04173.png,2
d04174.png,4
d04175.png,1
d04181.png,3
d04183.png,0
d04184.png,7
d04187.png,5
d04202.png,9
d04203.png,3
d04204.png,8
d04216.png,6
d04217.png,4
d04222.png,3
d04223.png,6
d04228.png,3
d04229.png,7
d04230.png,4
d04231.png,0
d04238.png,0
d04241.png,1
d04247.png,4
d04262.png,5
d04266.png,6
d04270.png,4
d04272.png,0
d04273.png,0
d04274.png,7
d04280.png,9
d04285.png,5
d04286.png,2
d04290.png,2
d04295.png,3
d04305.png,3
d04314.png,5
d04316.png,0
d04321.png,0
d04324.png,8
d04327.png,3
d04339.png,2
d04347.png,9
d04353.png,7
d04359.png,9
d04364.png,7
d04365.png,3
d04366.png,4
d04368.png,6
d04373.png,5
d04379.png,5
d04394.png,2
d04402.png,0
d04412.png,7
d04414.png,0
d04432.png,5
d04433.png,1
d04436.png,1
d04441.png,1
d04443.png,6
d04445.png,1
d04449.png,2
d04458.png,2
d04459.png,2
d04461.png,8
d04464.png,7
d04468.png,5
d04470.png,2
d04475.png,0
d04482.png,2
d04484.png,1
d04501.png,5
d04503.png,5
d04505.png,3
d04507.png,8
d04509.png,5
d04510.png,2
d04512.png,9
d04513.png,6
d04516.png,7
d04519.png,7
d04525.png,9
d04526.png,0
d04530.png,2
d04542.png,0
d04548.png,3
d04549.png,1
d04553.png,5
d04554.png,5
d04561.png,0
d04562.png,6
d04571.png,9
d04573.png,0
d04575.png,7
d04580.png,6
d04582.png,7
d04583.png,6
d04589.png,3
d04597.png,3
d04599.png,2
d04601.png,6
d04606.png,2
d04607.png,5
d04614.png,6
d04620.png,5
d04621.png,4
d04622.png,9
d04627.png,5
d04628.png,9
d04639.png,4
d04643.png,7
d04645.png,6
d04646.png,5
d04647.png,4
d04661.png,2
d04674.png,2
d04676.png,9
d04681.png,8
d04683.png,4
d04684.png,9
d04685.png,2
d04689.png,1
d04691.png,1
d04692.png,5
d04693.png,6
d04698.png,9
d04702.png,4
d04704.png,0
d04706.png,7
d04711.png,5
d04717.png,9
d04729.png,6
d04730.png,6
d04732.png,1
d04736.png,0
d04740.png,9
d04741.png,8
d04747.png,8
d04748.png,7
d04754.png,5
d04756.png,8
d04762.png,9
d04763.png,9
d04764.png,0
d04769.png,4
d04772.png,9
d04788.png,7
d04792.png,4
d04798.png,7
d04799.png,8
d04801.png,9
d04804.png,8
d04805.png,0
d04807.png,0
d04817.png,7
d04819.png,6
d04823.png,8
d04825.png,7
d04833.png,0
d04839.png,9
d04840.png,9
d04849.png,8
d04850.png,1
d04852.png,2
d04855.png,9
d04858.png,9
d04865.png,2
d04871.png,5
d04872.png,8
d04873.png,3
d04878.png,7
d04879.png,7
d04881.png,6
d04885.png,6
d04892.png,8
d04894.png,0
d04899.png,5
d04903.png,4
d04904.png,7
d04905.png,3
d04920.png,4
d04923.png,3
d04927.png,8
d04930.png,6
d04932.png,6
d04936.png,6
d04939.png,9
d04940.png,5
d04941.png,3
d04949.png,0
d04950.png,9
d04955.png,0
d04959.png,3
d04970.png,2
d04971.png,5
d04972.png,3
d04988.png,2
d04989.png,9
d04997.png,4
d05002.png,7
d05011.png,0
d05017.png,7
d05018.png,8
d05020.png,9
d05022.png,8
d05027.png,8
d05029.png,0
d05033.png,9
d05036.png,1
d05044.png,9
d05046.png,7
d05052.png,4
d05053.png,0
d05055.png,1
d05056.png,0
d05060.png,5
d05064.png,8
d05066.png,3
d05069.png,2
d05072.png,0
d05091.png,9
d05095.png,8
d05097.png,1
d05102.png,8
d05105.png,1
d05109.png,3
d05111.png,3
d05114.png,3
d05116.png,6
d05117.png,9
d05119.png,3
d05127.png,2
d05128.png,5
d05136.png,4
d05142.png,3
d05149.png,9
d05152.png,8
d05155.png,2
d05158.png,7
d05159.png,5
d05163.png,8
d05164.png,5
d05165.png,7
d05170.png,4
d05174.png,1
d05178.png,0
d05180.png,3
d05183.png,2
d05189.png,1
d05190.png,4
d05192.png,7
d05200.png,7
d05201.png,8
d05205.png,1
d05206.png,2
d05208.png,6
d05209.png,8
d05211.png,5
d05213.png,5
d05219.png,3
d05220.png,6
d05222.png,8
d05223.png,8
d05236.png,2
d05237.png,9
d05239.png,0
d05240.png,1
d05241.png,2
d05245.png,8
d05246.png,1
d05250.png,7
d05252.png,4
d05253.png,9
d05254.png,6
d05257.png,0
d05261.png,8
d05263.png,7
d05266.png,2
d05267.png,1
d05276.png,7
d05278.png,1
d05281.png,0
d05284.png,9
d05289.png,1
d05291.png,4
d05295.png,6
d05303.png,9
d05305.png,0
d05306.png,0
d05308.png,9
d05309.png,8
d05315.png,0
d05327.png,4
d05330.png,9
d05331.png,0
d05335.png,7
d05341.png,1
d05342.png,6
d05354.png,1
d05356.png,4
d05359.png,0
d05360.png,6
d05362.png,2
d05364.png,6
d05370.png,2
d05373.png,2
d05374.png,4
d05376.png,3
d05383.png,5
d05387.png,6
d05388.png,8
d05393.png,7
d05397.png,1
d05404.png,3
d05408.png,6
d05410.png,0
d05412.png,1
d05414.png,3
d05415.png,4
d05419.png,8
d05422.png,5
d05424.png,8
d05428.png,9
d05431.png,8
d05436.png,1
d05441.png,8
d05443.png,3
d05445.png,6
d05448.png,5
d05451.png,4
d05452.png,8
d05454.png,0
d05455.png,5
d05467.png,0
d05475.png,4
d05477.png,0
d05479.png,4
d05482.png,7
d05494.png,4
d05505.png,2
d05513.png,7
d05523.png,4
d05525.png,2
d05526.png,7
d05533.png,0
d05535.png,1
d05546.png,6
d05554.png,4
d05563.png,0
d05564.png,4
d05569.png,0
d05574.png,7
d05577.png,9
d05587.png,0
d05594.png,9
d05595.png,1
d05596.png,6
d05600.png,9
d05601.png,7
d05608.png,8
d05615.png,2
d05617.png,5
d05620.png,0
d05622.png,7
d05625.png,9
d05628.png,8
d05631.png,9
d05637.png,7
d05645.png,1
d05646.png,8
d05652.png,0
d05656.png,6
d05657.png,8
d05659.png,4
d05663.png,4
d05669.png,5
d05674.png,5
d05681.png,4
d05695.png,9
d05697.png,6
d05698.png,9
d05699.png,0
d05700.png,3
d05704.png,1
d05707.png,9
d05708.png,1
d05709.png,4
d05722.png,2
d05723.png,8
d05726.png,3
d05727.png,4
d05728.png,3
d05730.png,2
d05744.png,2
d05747.png,6
d05752.png,0
d05753.png,4
d05754.png,6
d05757.png,9
d05771.png,9
d05773.png,0
d05776.png,6
d05779.png,7
d05783.png,2
d05795.png,9
d05803.png,0
d05804.png,9
d05805.png,6
d05812.png,4
d05818.png,2
d05821.png,8
d05837.png,1
d05844.png,9
d05860.png,2
d05863.png,8
d05865.png,0
d05866.png,2
d05870.png,8
d05871.png,8
d05872.png,4
d05877.png,0
d05878.png,5
d05884.png,2
d05885.png,0
d05895.png,3
d05898.png,9
d05899.png,9
d05902.png,3
d05906.png,4
d05915.png,2
d05927.png,9
d05929.png,8
d05931.png,9
d05933.png,6
d05940.png,9
d05942.png,8
d05943.png,9
d05947.png,9
d05950.png,8
d05957.png,6
d05960.png,0
d05961.png,2
d05962.png,0
d05963.png,8
d05966.png,8
d05967.png,1
d05968.png,1
d05971.png,0
d05974.png,0
d05977.png,7
d05983.png,1
d05987.png,3
d05990.png,7
d05991.png,8
d05994.png,2
d05995.png,2
d05996.png,3
d06004.png,3
d06017.png,0
d06019.png,7
d06020.png,0
d06024.png,4
d06028.png,2
d06031.png,6
d06033.png,2
d06039.png,6
d06041.png,5
d06043.png,8
d06050.png,8
d06051.png,9
d06054.png,6
d06057.png,3
d06059.png,5
d06060.png,3
d06061.png,1
d06062.png,0
d06063.png,1
d06066.png,7
d06067.png,9
d06068.png,2
d06071.png,9
d06072.png,7
d06075.png,2
d06078.png,5
d06079.png,0
d06080.png,0
d06091.png,2
d06099.png,3
d06104.png,5
d06110.png,8
d06124.png,7
d06131.png,1
d06144.png,8
d06148.png,7
d06161.png,3
d06163.png,2
d06168.png,9
d06169.png,1
d06171.png,5
d06172.png,1
d06176.png,6
d06179.png,6
d06190.png,2
d06207.png,7
d06211.png,3
d06212.png,9
d06213.png,4
d06215.png,2
d06216.png,9
d06221.png,1
d06227.png,8
d06231.png,7
d06233.png,6
d06237.png,1
d06238.png,1
d06246.png,3
d06248.png,1
d06251.png,6
d06254.png,2
d06257.png,7
d06259.png,3
d06260.png,5
d06261.png,0
d06262.png,8
d06265.png,5
d06269.png,4
d06271.png,8
d06272.png,1
d06276.png,5
d06279.png,6
d06287.png,9
d06288.png,4
d06293.png,8
d06297.png,0
d06303.png,1
d06308.png,3
d06310.png,8
d06314.png,5
d06316.png,3
d06317.png,4
d06320.png,6
d06323.png,2
d06326.png,6
d06327.png,0
d06330.png,9
d06355.png,8
d06356.png,9
d06362.png,8
d06366.png,5
d06375.png,0
d06383.png,8
d06389.png,2
d06391.png,1
d06394.png,9
d06400.png,5
d06403.png,2
d06404.png,4
d06409.png,0
d06410.png,2
d06420.png,5
d06422.png,0
d06429.png,7
d06430.png,0
d06437.png,2
d06439.png,7
d06449.png,6
d06452.png,5
d06456.png,7
d06457.png,2
d06459.png,7
d06460.png,9
d06464.png,3
d06472.png,6
d06487.png,1
d06490.png,6
d06504.png,1
d06512.png,9
d06513.png,2
d06514.png,9
d06517.png,2
d06518.png,5
d06520.png,8
d06521.png,6
d06524.png,4
d06536.png,7
d06542.png,5
d06547.png,3
d06548.png,2
d06549.png,7
d06557.png,6
d06565.png,5
d06566.png,0
d06567.png,9
d06573.png,8
d06574.png,4
d06575.png,7
d06576.png,5
d06579.png,8
d06590.png,2
d06597.png,7
d06599.png,4
d06602.png,8
d06613.png,0
d06617.png,5
d06619.png,6
d06626.png,8
d06633.png,3
d06636.png,5
d06637.png,9
d06639.png,6
d06644.png,9
d06648.png,5
d06649.png,8
d06654.png,8
d06655.png,4
d06659.png,0
d06660.png,4
d06661.png,5
d06663.png,3
d06666.png,4
d06668.png,3
d06678.png,0
d06682.png,2
d06686.png,0
d06692.png,0
d06693.png,6
d06701.png,3
d06713.png,8
d06717.png,8
d06723.png,3
d06725.png,0
d06733.png,5
d06735.png,9
d06740.png,7
d06741.png,6
d06747.png,9
d06750.png,3
d06753.png,2
d06754.png,1
d06756.png,8
d06767.png,4
d06768.png,3
d06769.png,7
d06770.png,3
d06771.png,9
d06775.png,3
d06782.png,2
d06787.png,9
d06792.png,9
d06800.png,8
d06801.png,6
d06804.png,7
d06809.png,1
d06815.png,7
d06818.png,7
d06819.png,6
d06822.png,0
d06823.png,2
d06826.png,0
d06827.png,9
d06831.png,6
d06832.png,2
d06842.png,0
d06849.png,6
d06859.png,8
d06866.png,0
d06867.png,1
d06869.png,7
d06870.png,9
d06872.png,3
d06881.png,9
d06889.png,1
d06891.png,5
d06892.png,8
d06900.png,1
d06903.png,9
d06904.png,4
d06905.png,6
d06906.png,2
d06913.png,3
d06914.png,8
d06917.png,8
d06918.png,2
d06923.png,3
d06927.png,4
d06937.png,6
d06939.png,3
d06944.png,0
d06952.png,2
d06961.png,7
d06967.png,8
d06968.png,8
d06975.png,8
d06978.png,3
d06979.png,9
d06981.png,2
d06982.png,8
d06983.png,2
d06994.png,7
d07005.png,4
d07010.png,3
d07013.png,5
d07017.png,8
d07019.png,9
d07023.png,2
d07026.png,9
d07029.png,5
d07030.png,6
d07043.png,4
d07045.png,2
d07048.png,7
d07056.png,2
d07061.png,6
d07063.png,6
d07064.png,2
d07072.png,4
d07076.png,8
d07077.png,2
d07082.png,6
d07086.png,1
d07094.png,2
d07096.png,3
d07101.png,3
d07107.png,8
d07112.png,5
d07113.png,3
d07115.png,2
d07119.png,6
d07121.png,7
d07123.png,8
d07125.png,3
d07126.png,6
d07132.png,3
d07137.png,6
d07141.png,9
d07144.png,1
d07151.png,0
d07153.png,4
d07154.png,0
d07155.png,9
d07157.png,1
d07159.png,6
d07167.png,2
d07174.png,7
d07175.png,0
d07177.png,9
d07183.png,2
d07185.png,7
d07186.png,0
d07187.png,7
d07192.png,2
d07193.png,9
d07194.png,8
d07196.png,6
d07200.png,7
d07201.png,0
d07202.png,2
d07204.png,7
d07205.png,4
d07210.png,8
d07213.png,1
d07217.png,8
d07220.png,3
d07226.png,4
d07229.png,8
d07230.png,0
d07236.png,0
d07238.png,0
d07244.png,3
d07253.png,1
d07254.png,2
d07256.png,5
d07266.png,0
d07269.png,9
d07273.png,3
d07274.png,6
d07275.png,6
d07276.png,0
d07281.png,4
d07287.png,4
d07290.png,6
d07304.png,8
d07309.png,7
d07317.png,2
d07320.png,7
d07331.png,3
d07332.png,1
d07335.png,0
d07336.png,5
d07341.png,8
d07342.png,8
d07344.png,8
d07346.png,7
d07351.png,1
d07358.png,6
d07359.png,8
d07362.png,4
d07363.png,6
d07368.png,9
d07370.png,9
d07374.png,4
d07375.png,3
d07377.png,3
d07380.png,0
d07383.png,6
d07385.png,9
d07390.png,4
d07391.png,0
d07396.png,4
d07404.png,4
d07405.png,1
d07408.png,2
d07409.png,5
d07416.png,1
d07420.png,4
d07425.png,6
d07429.png,7
d07435.png,4
d07436.png,6
d07438.png,7
d07443.png,8
d07444.png,0
d07447.png,3
d07450.png,7
d07452.png,3
d07454.png,9
d07458.png,7
d07461.png,0
d07463.png,8
d07468.png,7
d07471.png,6
d07488.png,1
d07491.png,2
d07495.png,8
d07499.png,2
d07500.png,6
d07501.png,2
d07504.png,5
d07517.png,7
d07523.png,7
d07524.png,7
d07527.png,0
d07531.png,5
d07539.png,5
d07551.png,4
d07552.png,8
d07553.png,8
d07557.png,9
d07558.png,6
d07560.png,5
d07561.png,6
d07562.png,8
d07564.png,6
d07567.png,3
d07569.png,3
d07575.png,3
d07576.png,6
d07577.png,9
d07579.png,8
d07580.png,6
d07586.png,3
d07592.png,7
d07593.png,2
d07602.png,5
d07603.png,9
d07605.png,8
d07618.png,0
d07620.png,5
d07621.png,0
d07623.png,0
d07626.png,7
d07629.png,2
d07630.png,6
d07635.png,0
d07641.png,0
d07643.png,0
d07646.png,9
d07656.png,3
d07657.png,6
d07658.png,6
d07659.png,1
d07663.png,0
d07667.png,4
d07670.png,3
d07671.png,5
d07676.png,7
d07693.png,5
d07699.png,0
d07701.png,6
d07702.png,0
d07705.png,3
d07709.png,1
d07712.png,7
d07714.png,1
d07715.png,1
d07723.png,7
d07724.png,5
d07728.png,8
d07731.png,6
d07733.png,5
d07734.png,3
d07736.png,1
d07738.png,1
d07740.png,4
d07741.png,7
d07749.png,0
d07760.png,8
d07761.png,1
d07768.png,4
d07769.png,2
d07774.png,8
d07786.png,7
d07787.png,2
d07793.png,7
d07798.png,4
d07804.png,0
d07807.png,3
d07818.png,3
d07827.png,0
d07842.png,9
d07847.png,9
d07855.png,5
d07863.png,6
d07865.png,0
d07867.png,3
d07870.png,2
d07871.png,9
d07875.png,1
d07880.png,6
d07881.png,5
d07884.png,1
d07888.png,5
d07889.png,5
d07893.png,6
d07896.png,5
d07898.png,0
d07899.png,6
d07902.png,5
d07907.png,6
d07922.png,2
d07927.png,7
d07928.png,5
d07929.png,2
d07930.png,9
d07931.png,3
d07934.png,9
d07941.png,0
d07946.png,6
d07949.png,6
d07950.png,0
d07951.png,4
d07954.png,8
d07958.png,5
d07959.png,3
d07961.png,6
d07962.png,2
d07969.png,4
d07970.png,9
d07971.png,9
d07973.png,4
d07975.png,9
d07983.png,9
d07984.png,5
d07985.png,8
d07988.png,0
d07990.png,8
d07994.png,8
d07996.png,9
d07999.png,4
d08001.png,1
d08002.png,6
d08004.png,3
d08016.png,7
d08023.png,7
d08024.png,3
d08026.png,7
d08027.png,3
d08028.png,1
d08031.png,9
d08032.png,2
d08039.png,8
d08041.png,0
d08054.png,4
d08058.png,2
d08059.png,8
d08064.png,8
d08070.png,9
d08071.png,6
d08076.png,0
d08077.png,4
d08080.png,5
d08082.png,0
d08087.png,4
d08094.png,9
d08097.png,4
d08099.png,5
d08102.png,8
d08105.png,5
d08107.png,7
d08109.png,8
d08119.png,2
d08121.png,5
d08123.png,1
d08124.png,2
d08127.png,9
d08129.png,6
d08139.png,9
d08140.png,1
d08142.png,0
d08150.png,7
d08151.png,0
d08160.png,9
d08161.png,6
d08166.png,4
d08167.png,4
d08168.png,8
d08169.png,3
d08172.png,8
d08175.png,5
d08181.png,9
d08182.png,8
d08188.png,2
d08191.png,5
d08192.png,1
d08198.png,6
d08202.png,8
d08203.png,5
d08204.png,5
d08208.png,7
d08210.png,5
d08217.png,7
d08219.png,7
d08223.png,9
d08225.png,1
d08232.png,8
d08239.png,1
d08253.png,1
d08255.png,2
d08259.png,4
d08261.png,6
d08266.png,2
d08270.png,7
d08271.png,2
d08276.png,2
d08278.png,8
d08284.png,8
d08285.png,6
d08287.png,6
d08289.png,3
d08294.png,3
d08298.png,9
d08306.png,9
d08307.png,9
d08311.png,1
d08317.png,5
d08320.png,7
d08321.png,8
d08324.png,3
d08330.png,7
d08332.png,8
d08334.png,0
d08335.png,9
d08336.png,7
d08339.png,7
d08347.png,3
d08353.png,6
d08355.png,2
d08368.png,3
d08375.png,2
d08378.png,8
d08384.png,4
d08388.png,7
d08390.png,8
d08406.png,9
d08408.png,8
d08417.png,0
d08419.png,0
d08422.png,5
d08429.png,7
d08430.png,9
d08431.png,7
d08432.png,8
d08433.png,2
d08436.png,7
d08437.png,4
d08438.png,2
d08441.png,9
d08448.png,0
d08451.png,2
d08465.png,8
d08467.png,7
d08473.png,2
d08480.png,0
d08484.png,5
d08485.png,9
d08493.png,8
d08494.png,0
d08506.png,7
d08508.png,7
d08513.png,0
d08515.png,3
d08518.png,3
d08519.png,8
d08520.png,5
d08522.png,6
d08525.png,7
d08533.png,4
d08537.png,6
d08543.png,9
d08546.png,5
d08547.png,0
d08553.png,8
d08559.png,3
d08562.png,5
d08564.png,7
d08565.png,9
d08567.png,1
d08570.png,4
d08572.png,8
d08573.png,8
d08576.png,2
d08578.png,2
d08582.png,1
d08583.png,4
d08585.png,5
d08594.png,1
d08596.png,0
d08599.png,2
d08602.png,8
d08605.png,7
d08608.png,4
d08611.png,4
d08624.png,5
d08627.png,2
d08629.png,9
d08631.png,0
d08640.png,7
d08641.png,8
d08656.png,1
d08663.png,2
d08664.png,7
d08674.png,3
d08676.png,0
d08677.png,6
d08679.png,8
d08681.png,5
d08688.png,9
d08689.png,7
d08693.png,5
d08694.png,6
d08695.png,6
d08696.png,4
d08697.png,5
d08704.png,3
d08707.png,6
d08710.png,8
d08712.png,2
d08716.png,6
d08717.png,9
d08718.png,0
d08722.png,3
d08724.png,5
d08735.png,1
d08740.png,7
d08743.png,3
d08747.png,0
d08753.png,9
d08759.png,6
d08766.png,1
d08772.png,0
d08775.png,6
d08777.png,4
d08786.png,2
d08788.png,4
d08795.png,4
d08796.png,0
d08798.png,9
d08803.png,3
d08806.png,5
d08813.png,9
d08817.png,5
d08826.png,4
d08828.png,9
d08836.png,1
d08843.png,0
d08848.png,4
d08856.png,4
d08857.png,0
d08861.png,2
d08862.png,2
d08866.png,3
d08868.png,0
d08869.png,7
d08877.png,4
d08878.png,5
d08880.png,6
d08881.png,9
d08888.png,7
d08892.png,6
d08895.png,4
d08898.png,8
d08900.png,7
d08910.png,1
d08912.png,0
d08919.png,1
d08921.png,4
d08923.png,0
d08928.png,0
d08933.png,8
d08935.png,1
d08938.png,7
d08941.png,0
d08950.png,3
d08953.png,9
d08964.png,5
d08965.png,4
d08967.png,5
d08974.png,9
d08979.png,9
d08981.png,8
d08982.png,9
d08985.png,9
d08986.png,3
d08987.png,5
d08988.png,6
d08998.png,7
d09001.png,5
d09003.png,8
d09005.png,7
d09008.png,8
d09009.png,3
d09010.png,2
d09019.png,2
d09020.png,1
d09026.png,6
d09033.png,9
d09038.png,1
d09040.png,6
d09046.png,6
d09050.png,1
d09051.png,3
d09052.png,9
d09060.png,2
d09061.png,7
d09064.png,4
d09065.png,3
d09067.png,8
d09068.png,4
d09070.png,9
d09083.png,0
d09088.png,1
d09094.png,7
d09097.png,8
d09109.png,4
d09118.png,9
d09119.png,1
d09120.png,4
d09124.png,0
d09128.png,2
d09129.png,6
d09131.png,1
d09134.png,9
d09137.png,8
d09138.png,1
d09140.png,1
d09150.png,6
d09155.png,1
d09160.png,3
d09161.png,1
d09162.png,6
d09166.png,2
d09175.png,0
d09177.png,4
d09179.png,8
d09181.png,5
d09186.png,1
d09187.png,6
d09192.png,7
d09195.png,1
d09198.png,1
d09206.png,2
d09211.png,7
d09216.png,7
d09218.png,1
d09219.png,9
d09224.png,4
d09228.png,1
d09235.png,9
d09239.png,2
d09244.png,2
d09250.png,4
d09255.png,6
d09258.png,5
d09259.png,8
d09261.png,2
d09262.png,4
d09272.png,3
d09275.png,0
d09279.png,1
d09285.png,8
d09286.png,8
d09289.png,8
d09290.png,5
d09292.png,4
d09293.png,4
d09305.png,6
d09308.png,1
d09312.png,4
d09316.png,9
d09318.png,7
d09324.png,8
d09328.png,4
d09331.png,6
d09332.png,3
d09338.png,3
d09341.png,8
d09343.png,0
d09347.png,0
d09350.png,2
d09354.png,6
d09356.png,6
d09357.png,6
d09361.png,7
d09366.png,6
d09371.png,5
d09373.png,6
d09378.png,3
d09380.png,2
d09383.png,0
d09384.png,5
d09385.png,0
d09386.png,2
d09388.png,5
d09392.png,6
d09394.png,1
d09403.png,7
d09405.png,3
d09406.png,1
d09408.png,6
d09409.png,4
d09410.png,9
d09411.png,6
d09412.png,3
d09415.png,0
d09417.png,9
d09420.png,0
d09423.png,9
d09428.png,2
d09429.png,8
d09432.png,8
d09436.png,8
d09445.png,9
d09450.png,6
d09453.png,7
d09456.png,6
d09464.png,9
d09480.png,9
d09494.png,8
d09498.png,2
d09505.png,7
d09506.png,1
d09512.png,6
d09518.png,3
d09519.png,0
d09522.png,0
d09530.png,4
d09535.png,4
d09536.png,7
d09540.png,1
d09541.png,7
d09543.png,1
d09555.png,0
d09567.png,5
d09570.png,7
d09573.png,0
d09575.png,9
d09582.png,7
d09596.png,3
d09597.png,5
d09608.png,7
d09609.png,9
d09610.png,9
d09613.png,7
d09621.png,3
d09625.png,1
d09627.png,1
d09629.png,2
d09630.png,4
d09637.png,5
d09638.png,0
d09646.png,7
d09648.png,4
d09649.png,8
d09656.png,5
d09658.png,3
d09662.png,2
d09665.png,6
d09668.png,9
d09675.png,8
d09676.png,2
d09677.png,0
d09683.png,8
d09687.png,8
d09691.png,9
d09696.png,9
d09698.png,3
d09700.png,3
d09701.png,8
d09705.png,9
d09711.png,9
d09713.png,5
d09717.png,9
d09724.png,4
d09728.png,7
d09730.png,7
d09731.png,5
d09736.png,2
d09737.png,3
d09738.png,2
d09746.png,4
d09755.png,7
d09760.png,7
d09765.png,4
d09766.png,0
d09767.png,1
d09769.png,6
d09784.png,4
d09786.png,3
d09790.png,7
d09799.png,3
d09801.png,6
d09809.png,5
d09815.png,1
d09822.png,9
d09830.png,4
d09836.png,9
d09839.png,0
d09841.png,4
d09846.png,6
d09849.png,5
d09853.png,6
d09857.png,8
d09862.png,6
d09869.png,2
d09871.png,1
d09873.png,6
d09876.png,8
d09882.png,6
d09885.png,1
d09890.png,8
d09891.png,2
d09892.png,5
d09894.png,1
d09904.png,0
d09908.png,5
d09916.png,0
d09917.png,5
d09920.png,7
d09922.png,5
d09929.png,7
d09937.png,7
d09938.png,3
d09942.png,1
d09952.png,4
d09955.png,2
d09957.png,1
d09963.png,3
d09964.png,5
d09965.png,7
d09966.png,3
d09969.png,2
d09972.png,2
d09976.png,6
d09978.png,8
d09989.png,5
d09991.png,5
d09994.png,9
d10002.png,7
d10005.png,4
d10009.png,5
d10011.png,0
d10017.png,2
d10022.png,2
d10024.png,7
d10025.png,1
d10044.png,8
d10048.png,2
d10054.png,7
d10060.png,0
d10069.png,4
d10083.png,2
d10085.png,2
d10099.png,9
d10104.png,5
d10105.png,9
d10106.png,5
d10108.png,9
d10114.png,6
d10117.png,4
d10118.png,1
d10119.png,1
d10123.png,9
d10124.png,4
d10131.png,3
d10133.png,2
d10134.png,8
d10138.png,0
d10140.png,6
d10141.png,2
d10148.png,6
d10149.png,2
d10155.png,6
d10161.png,3
d10173.png,3
d10176.png,3
d10178.png,8
d10179.png,3
d10181.png,8
d10186.png,7
d10187.png,3
d10189.png,5
d10193.png,3
d10194.png,5
d10197.png,4
d10198.png,9
d10200.png,0
d10205.png,1
d10208.png,8
d10209.png,4
d10211.png,3
d10213.png,0
d10218.png,6
d10230.png,1
d10234.png,2
d10236.png,0
d10245.png,2
d10247.png,8
d10255.png,5
d10264.png,0
d10268.png,5
d10269.png,2
d10277.png,9
d10280.png,5
d10283.png,6
d10284.png,8
d10286.png,9
d10287.png,3
d10288.png,7
d10290.png,5
d10291.png,2
d10304.png,5
d10306.png,8
d10309.png,8
d10314.png,8
d10318.png,3
d10324.png,5
d10325.png,8
d10328.png,9
d10330.png,4
d10334.png,7
d10336.png,6
d10339.png,7
d10341.png,1
d10344.png,1
d10345.png,7
d10349.png,2
d10355.png,1
d10357.png,4
d10359.png,1
d10365.png,4
d10370.png,2
d10372.png,5
d10374.png,6
d10375.png,2
d10378.png,5
d10389.png,6
d10394.png,4
d10399.png,4
d10401.png,0
d10402.png,5
d10410.png,9
d10411.png,1
d10416.png,6
d10417.png,0
d10420.png,9
d10437.png,6
d10442.png,4
d10445.png,7
d10447.png,1
d10449.png,7
d10450.png,1
d10461.png,2
d10464.png,6
d10466.png,7
d10470.png,4
d10471.png,5
d10483.png,0
d10487.png,8
d10489.png,6
d10492.png,6
d10493.png,5
d10502.png,0
d10507.png,6
d10508.png,3
d10513.png,2
d10514.png,8
d10518.png,8
d10519.png,0
d10520.png,9
d10521.png,0
d10533.png,8
d10536.png,1
d10538.png,8
d10539.png,1
d10545.png,0
d10551.png,5
d10555.png,5
d10557.png,6
d10558.png,7
d10563.png,8
d10568.png,1
d10569.png,0
d10571.png,8
d10572.png,3
d10573.png,9
d10574.png,5
d10575.png,1
d10576.png,0
d10588.png,4
d10594.png,1
d10595.png,2
d10596.png,5
d10597.png,2
d10601.png,7
d10620.png,0
d10629.png,9
d10631.png,5
d10637.png,1
d10644.png,4
d10655.png,6
d10660.png,4
d10662.png,5
d10670.png,0
d10677.png,0
d10678.png,8
d10680.png,8
d10686.png,7
d10690.png,8
d10693.png,2
d10695.png,3
d10699.png,6
d10703.png,8
d10713.png,2
d10721.png,6
d10722.png,6
d10725.png,4
d10727.png,1
d10728.png,3
d10732.png,4
d10734.png,8
d10735.png,6
d10736.png,9
d10739.png,7
d10741.png,7
d10745.png,5
d10746.png,6
d10755.png,7
d10758.png,6
d10760.png,3
d10766.png,7
d10767.png,4
d10768.png,1
d10772.png,6
d10776.png,9
d10777.png,9
d10781.png,0
d10785.png,8
d10787.png,1
d10788.png,3
d10792.png,3
d10795.png,0
d10796.png,4
d10805.png,7
d10809.png,7
d10813.png,1
d10821.png,1
d10822.png,0
d10824.png,2
d10828.png,2
d10835.png,4
d10843.png,2
d10845.png,9
d10850.png,6
d10852.png,1
d10855.png,2
d10857.png,8
d10860.png,8
d10862.png,9
d10865.png,3
d10866.png,5
d10870.png,6
d10873.png,0
d10876.png,2
d10891.png,5
d10892.png,4
d10895.png,5
d10896.png,8
d10899.png,9
d10905.png,1
d10906.png,6
